<TextureAtlas imagePath="character_femalePerson_sheetHD.png">
	<SubTexture name="idle" x="0" y="0" width="192" height="256"/>
	<SubTexture name="jump" x="192" y="0" width="192" height="256"/>
	<SubTexture name="fall" x="384" y="0" width="192" height="256"/>
	<SubTexture name="duck" x="576" y="0" width="192" height="256"/>
	<SubTexture name="hit" x="768" y="0" width="192" height="256"/>
	<SubTexture name="climb0" x="960" y="0" width="192" height="256"/>
	<SubTexture name="climb1" x="1152" y="0" width="192" height="256"/>
	<SubTexture name="cheer0" x="1344" y="0" width="192" height="256"/>
	<SubTexture name="cheer1" x="1536" y="0" width="192" height="256"/>
	<SubTexture name="back" x="0" y="256" width="192" height="256"/>
	<SubTexture name="slide" x="192" y="256" width="192" height="256"/>
	<SubTexture name="interact" x="384" y="256" width="192" height="256"/>
	<SubTexture name="switch0" x="576" y="256" width="192" height="256"/>
	<SubTexture name="switch1" x="768" y="256" width="192" height="256"/>
	<SubTexture name="kick" x="960" y="256" width="192" height="256"/>
	<SubTexture name="side" x="1152" y="256" width="192" height="256"/>
	<SubTexture name="shove" x="1344" y="256" width="192" height="256"/>
	<SubTexture name="shoveBack" x="1536" y="256" width="192" height="256"/>
	<SubTexture name="talk" x="0" y="512" width="192" height="256"/>
	<SubTexture name="attackKick" x="192" y="512" width="192" height="256"/>
	<SubTexture name="hang" x="384" y="512" width="192" height="256"/>
	<SubTexture name="hold" x="576" y="512" width="192" height="256"/>
	<SubTexture name="show" x="768" y="512" width="192" height="256"/>
	<SubTexture name="behindBack" x="960" y="512" width="192" height="256"/>
	<SubTexture name="run0" x="1152" y="512" width="192" height="256"/>
	<SubTexture name="run1" x="1344" y="512" width="192" height="256"/>
	<SubTexture name="run2" x="1536" y="512" width="192" height="256"/>
	<SubTexture name="attack0" x="0" y="768" width="192" height="256"/>
	<SubTexture name="attack1" x="192" y="768" width="192" height="256"/>
	<SubTexture name="attack2" x="384" y="768" width="192" height="256"/>
	<SubTexture name="think" x="576" y="768" width="192" height="256"/>
	<SubTexture name="down" x="768" y="768" width="192" height="256"/>
	<SubTexture name="drag" x="960" y="768" width="192" height="256"/>
	<SubTexture name="hurt" x="1152" y="768" width="192" height="256"/>
	<SubTexture name="wide" x="1344" y="768" width="192" height="256"/>
	<SubTexture name="rope" x="1536" y="768" width="192" height="256"/>
	<SubTexture name="walk0" x="0" y="1024" width="192" height="256"/>
	<SubTexture name="walk1" x="192" y="1024" width="192" height="256"/>
	<SubTexture name="walk2" x="384" y="1024" width="192" height="256"/>
	<SubTexture name="walk3" x="576" y="1024" width="192" height="256"/>
	<SubTexture name="walk4" x="768" y="1024" width="192" height="256"/>
	<SubTexture name="walk5" x="960" y="1024" width="192" height="256"/>
	<SubTexture name="walk6" x="1152" y="1024" width="192" height="256"/>
	<SubTexture name="walk7" x="1344" y="1024" width="192" height="256"/>
	<SubTexture name="fallDown" x="1536" y="1024" width="192" height="256"/>
</TextureAtlas>